T,n
10,2.85465e-08
9.9108,5.26262e-08
9.82318,9.59817e-08
9.7371,1.73234e-07
9.65251,3.09498e-07
9.56938,5.47485e-07
9.48767,9.59155e-07
9.40734,1.66461e-06
9.32836,2.86252e-06
9.25069,4.87857e-06
9.17431,8.24221e-06
9.09918,1.38068e-05
9.02527,2.29368e-05
8.95255,3.77963e-05
8.88099,6.1791e-05
8.81057,0.00010024
8.74126,0.000161392
8.67303,0.00025794
8.60585,0.000409286
8.53971,0.00064488
8.47458,0.00100912
8.41043,0.00156852
8.34725,0.00242206
8.285,0.00371611
8.22368,0.00566584
8.16327,0.00858563
8.10373,0.0129321
8.04505,0.0193649
7.98722,0.0288311
7.93021,0.0426838
7.87402,0.0628451
7.81861,0.0920317
7.76398,0.134063
7.7101,0.194283
7.65697,0.28013
7.60456,0.401912
7.55287,0.573839
7.50188,0.81542
7.45156,1.15331
7.40192,1.62376
7.35294,2.2759
7.3046,3.17595
7.25689,4.41289
7.20981,6.10572
7.16332,8.413
7.11744,11.5451
7.07214,15.7803
7.02741,21.4848
6.98324,29.1395
6.93963,39.3727
6.89655,53.0033
6.85401,71.0942
6.81199,95.0208
6.77048,126.556
6.72948,167.98
6.68896,222.211
6.64894,292.978
6.60939,385.028
6.5703,504.385
6.53168,658.669
6.49351,857.497
6.45578,1112.97
6.41849,1440.25
6.38162,1858.32
6.34518,2390.86
6.30915,3067.32
6.27353,3924.24
6.2383,5006.86
6.20347,6370.99
6.16903,8085.37
6.13497,10234.4
6.10128,12921.6
6.06796,16273.3
6.035,20443.7
6.0024,25620.4
5.97015,32031.1
5.93824,39951.5
5.90667,49714.9
5.87544,61723.2
5.84454,76459.8
5.81395,94505.6
5.78369,116556
5.75374,143444
5.7241,176161
5.69476,215892
5.66572,264042
5.63698,322280
5.60852,392583
5.58036,477286
5.55247,579148
5.52486,701417
5.49753,847910
5.47046,1.02311e+06
5.44366,1.23227e+06
5.41712,1.48154e+06
5.39084,1.7781e+06
5.36481,2.1303e+06
5.33903,2.5479e+06
5.3135,3.04222e+06
5.28821,3.6264e+06
5.26316,4.31567e+06
5.23834,5.12764e+06
5.21376,6.08266e+06
5.18941,7.20421e+06
5.16529,8.51932e+06
5.14139,1.00591e+07
5.11771,1.18593e+07
5.09424,1.39608e+07
5.07099,1.64107e+07
5.04796,1.92625e+07
5.02513,2.25776e+07
5.0025,2.64259e+07
4.98008,3.08873e+07
4.95786,3.60523e+07
4.93583,4.20241e+07
4.914,4.89197e+07
4.89237,5.68717e+07
4.87092,6.60303e+07
4.84966,7.65654e+07
4.82859,8.8669e+07
4.80769,1.02558e+08
4.78698,1.18475e+08
4.76644,1.36696e+08
4.74608,1.5753e+08
4.7259,1.81323e+08
4.70588,2.08466e+08
4.68604,2.39394e+08
4.66636,2.74595e+08
4.64684,3.14618e+08
4.62749,3.60072e+08
4.60829,4.11638e+08
4.58926,4.70078e+08
4.57038,5.36237e+08
4.55166,6.11059e+08
4.53309,6.9559e+08
4.51467,7.90995e+08
4.4964,8.98564e+08
4.47828,1.01973e+09
4.4603,1.15608e+09
4.44247,1.30937e+09
4.42478,1.48153e+09
4.40723,1.67472e+09
4.38982,1.89129e+09
4.37254,2.13387e+09
4.3554,2.40531e+09
4.33839,2.70879e+09
4.32152,3.0478e+09
4.30478,3.42614e+09
4.28816,3.84804e+09
4.27168,4.31809e+09
4.25532,4.84135e+09
4.23908,5.42337e+09
4.22297,6.07021e+09
4.20698,6.7885e+09
4.19111,7.58549e+09
4.17537,8.4691e+09
4.15973,9.44797e+09
4.14422,1.05315e+10
4.12882,1.17301e+10
4.11353,1.30547e+10
4.09836,1.45178e+10
4.0833,1.61323e+10
4.06835,1.79129e+10
4.05351,1.98751e+10
4.03877,2.20358e+10
4.02414,2.44135e+10
4.00962,2.70281e+10
3.99521,2.99012e+10
3.98089,3.30563e+10
3.96668,3.65185e+10
3.95257,4.03153e+10
3.93856,4.44762e+10
3.92465,4.90332e+10
3.91083,5.40206e+10
3.89712,5.94756e+10
3.8835,6.54382e+10
3.86997,7.19516e+10
3.85654,7.90621e+10
3.8432,8.68198e+10
3.82995,9.52783e+10
3.81679,1.04495e+11
3.80373,1.14533e+11
3.79075,1.25458e+11
3.77786,1.37341e+11
3.76506,1.50259e+11
3.75235,1.64295e+11
3.73972,1.79536e+11
3.72717,1.96076e+11
3.71471,2.14016e+11
3.70233,2.33463e+11
3.69004,2.54534e+11
3.67782,2.77351e+11
3.66569,3.02045e+11
3.65364,3.28757e+11
3.64166,3.57637e+11
3.62976,3.88844e+11
3.61795,4.22548e+11
3.6062,4.5893e+11
3.59454,4.98184e+11
3.58295,5.40516e+11
3.57143,5.86142e+11
3.55999,6.35297e+11
3.54862,6.88227e+11
3.53732,7.45195e+11
3.52609,8.06479e+11
3.51494,8.72375e+11
3.50385,9.43198e+11
3.49284,1.01928e+12
3.48189,1.10097e+12
3.47102,1.18866e+12
3.46021,1.28272e+12
3.44947,1.38359e+12
3.43879,1.4917e+12
3.42818,1.60753e+12
3.41763,1.73158e+12
3.40716,1.86436e+12
3.39674,2.00644e+12
3.38639,2.1584e+12
3.3761,2.32086e+12
3.36587,2.49448e+12
3.3557,2.67994e+12
3.3456,2.87797e+12
3.33556,3.08934e+12
3.32557,3.31485e+12
3.31565,3.55537e+12
3.30579,3.81178e+12
3.29598,4.08503e+12
3.28623,4.37612e+12
3.27654,4.68608e+12
3.26691,5.01603e+12
3.25733,5.36711e+12
3.24781,5.74054e+12
3.23834,6.1376e+12
3.22893,6.55963e+12
3.21958,7.00804e+12
3.21027,7.4843e+12
3.20102,7.98996e+12
3.19183,8.52666e+12
3.18269,9.0961e+12
3.1736,9.70006e+12
3.16456,1.03404e+13
3.15557,1.10191e+13
3.14663,1.17383e+13
3.13775,1.25e+13
3.12891,1.33065e+13
3.12012,1.41602e+13
3.11139,1.50636e+13
3.1027,1.60191e+13
3.09406,1.70296e+13
3.08547,1.80978e+13
3.07692,1.92267e+13
3.06843,2.04193e+13
3.05998,2.16789e+13
3.05157,2.30088e+13
3.04321,2.44125e+13
3.0349,2.58937e+13
3.02663,2.74561e+13
3.01841,2.91037e+13
3.01023,3.08407e+13
3.0021,3.26714e+13
2.99401,3.46002e+13
2.98597,3.66319e+13
2.97796,3.87713e+13
2.97,4.10235e+13
2.96209,4.33937e+13
2.95421,4.58875e+13
2.94638,4.85106e+13
2.93858,5.1269e+13
2.93083,5.41687e+13
2.92312,5.72163e+13
2.91545,6.04184e+13
2.90782,6.37819e+13
2.90023,6.73142e+13
2.89268,7.10225e+13
2.88517,7.49149e+13
2.8777,7.89992e+13
2.87026,8.32839e+13
2.86287,8.77778e+13
2.85551,9.24897e+13
2.84819,9.7429e+13
2.84091,1.02606e+14
2.83366,1.08029e+14
2.82646,1.13711e+14
2.81928,1.1966e+14
2.81215,1.2589e+14
2.80505,1.32411e+14
2.79799,1.39234e+14
2.79096,1.46374e+14
2.78396,1.53842e+14
2.77701,1.61652e+14
2.77008,1.69817e+14
2.76319,1.78352e+14
2.75634,1.87272e+14
2.74952,1.96592e+14
2.74273,2.06327e+14
2.73598,2.16494e+14
2.72926,2.2711e+14
2.72257,2.38192e+14
2.71592,2.49758e+14
2.70929,2.61826e+14
2.7027,2.74417e+14
2.69614,2.87549e+14
2.68962,3.01243e+14
2.68312,3.1552e+14
2.67666,3.30402e+14
2.67023,3.45911e+14
2.66383,3.6207e+14
2.65745,3.78904e+14
2.65111,3.96437e+14
2.6448,4.14694e+14
2.63852,4.33702e+14
2.63227,4.53487e+14
2.62605,4.74078e+14
2.61986,4.95502e+14
2.6137,5.1779e+14
2.60756,5.40972e+14
2.60146,5.65078e+14
2.59538,5.90142e+14
2.58933,6.16196e+14
2.58331,6.43275e+14
2.57732,6.71413e+14
2.57136,7.00648e+14
2.56542,7.31015e+14
2.55951,7.62553e+14
2.55363,7.95301e+14
2.54777,8.29301e+14
2.54194,8.64593e+14
2.53614,9.0122e+14
2.53036,9.39226e+14
2.52461,9.78656e+14
2.51889,1.01956e+15
2.51319,1.06198e+15
2.50752,1.10596e+15
2.50188,1.15156e+15
2.49626,1.19884e+15
2.49066,1.24783e+15
2.48509,1.2986e+15
2.47954,1.3512e+15
2.47402,1.40569e+15
2.46853,1.46213e+15
2.46305,1.52057e+15
2.45761,1.58109e+15
2.45218,1.64374e+15
2.44678,1.70859e+15
2.44141,1.7757e+15
2.43605,1.84515e+15
2.43072,1.917e+15
2.42542,1.99132e+15
2.42014,2.06819e+15
2.41488,2.14769e+15
2.40964,2.22989e+15
2.40442,2.31487e+15
2.39923,2.40271e+15
2.39406,2.4935e+15
2.38892,2.58731e+15
2.38379,2.68424e+15
2.37869,2.78438e+15
2.37361,2.88781e+15
2.36855,2.99464e+15
2.36351,3.10495e+15
2.35849,3.21885e+15
2.35349,3.33642e+15
2.34852,3.45779e+15
2.34357,3.58304e+15
2.33863,3.71229e+15
2.33372,3.84565e+15
2.32883,3.98323e+15
2.32396,4.12514e+15
2.31911,4.2715e+15
2.31428,4.42244e+15
2.30947,4.57806e+15
2.30468,4.7385e+15
2.29991,4.90388e+15
2.29516,5.07434e+15
2.29043,5.25001e+15
2.28571,5.43102e+15
2.28102,5.61752e+15
2.27635,5.80964e+15
2.27169,6.00752e+15
2.26706,6.21133e+15
2.26244,6.4212e+15
2.25785,6.6373e+15
2.25327,6.85978e+15
2.24871,7.08879e+15
2.24417,7.32451e+15
2.23964,7.56711e+15
2.23514,7.81674e+15
2.23065,8.07359e+15
2.22618,8.33783e+15
2.22173,8.60965e+15
2.21729,8.88922e+15
2.21288,9.17674e+15
2.20848,9.4724e+15
2.2041,9.7764e+15
2.19974,1.00889e+16
2.19539,1.04102e+16
2.19106,1.07404e+16
2.18675,1.10798e+16
2.18245,1.14285e+16
2.17817,1.17868e+16
2.17391,1.2155e+16
2.16967,1.25331e+16
2.16544,1.29216e+16
2.16123,1.33205e+16
2.15703,1.37302e+16
2.15285,1.41509e+16
2.14869,1.45829e+16
2.14454,1.50263e+16
2.14041,1.54815e+16
2.1363,1.59487e+16
2.1322,1.64282e+16
2.12811,1.69203e+16
2.12404,1.74252e+16
2.11999,1.79432e+16
2.11595,1.84746e+16
2.11193,1.90197e+16
2.10793,1.95788e+16
2.10393,2.01522e+16
2.09996,2.07402e+16
2.096,2.13432e+16
2.09205,2.19613e+16
2.08812,2.2595e+16
2.0842,2.32446e+16
2.0803,2.39105e+16
2.07641,2.45929e+16
2.07254,2.52921e+16
2.06868,2.60087e+16
2.06484,2.67429e+16
2.06101,2.7495e+16
2.05719,2.82655e+16
2.05339,2.90548e+16
2.0496,2.98631e+16
2.04583,3.06909e+16
2.04207,3.15386e+16
2.03832,3.24066e+16
2.03459,3.32953e+16
2.03087,3.42051e+16
2.02716,3.51363e+16
2.02347,3.60896e+16
2.01979,3.70652e+16
2.01613,3.80636e+16
2.01248,3.90853e+16
2.00884,4.01308e+16
2.00521,4.12003e+16
2.0016,4.22945e+16
1.998,4.34139e+16
1.99442,4.45588e+16
1.99084,4.57298e+16
1.98728,4.69273e+16
1.98373,4.81519e+16
1.9802,4.94041e+16
1.97668,5.06844e+16
1.97316,5.19933e+16
1.96967,5.33314e+16
1.96618,5.46992e+16
1.96271,5.60971e+16
1.95925,5.75259e+16
1.9558,5.8986e+16
1.95236,6.04781e+16
1.94894,6.20026e+16
1.94553,6.35603e+16
1.94212,6.51516e+16
1.93874,6.67772e+16
1.93536,6.84376e+16
1.93199,7.01336e+16
1.92864,7.18658e+16
1.9253,7.36347e+16
1.92197,7.5441e+16
1.91865,7.72854e+16
1.91534,7.91685e+16
1.91205,8.10911e+16
1.90876,8.30537e+16
1.90549,8.50571e+16
1.90223,8.71019e+16
1.89897,8.9189e+16
1.89573,9.13189e+16
1.89251,9.34925e+16
1.88929,9.57104e+16
1.88608,9.79734e+16
1.88288,1.00282e+17
1.8797,1.02638e+17
1.87652,1.05041e+17
1.87336,1.07492e+17
1.87021,1.09992e+17
1.86706,1.12542e+17
1.86393,1.15142e+17
1.86081,1.17794e+17
1.8577,1.20498e+17
1.8546,1.23255e+17
1.85151,1.26066e+17
1.84843,1.28932e+17
1.84536,1.31853e+17
1.8423,1.34831e+17
1.83925,1.37866e+17
1.83621,1.4096e+17
1.83318,1.44113e+17
1.83016,1.47327e+17
1.82715,1.50601e+17
1.82415,1.53938e+17
1.82116,1.57337e+17
1.81818,1.60801e+17
1.81521,1.64329e+17
1.81225,1.67924e+17
1.8093,1.71585e+17
1.80636,1.75315e+17
1.80343,1.79113e+17
1.8005,1.82982e+17
1.79759,1.86921e+17
1.79469,1.90933e+17
1.79179,1.95018e+17
1.78891,1.99178e+17
1.78603,2.03413e+17
1.78317,2.07724e+17
1.78031,2.12114e+17
1.77746,2.16582e+17
1.77462,2.2113e+17
1.77179,2.25759e+17
1.76897,2.3047e+17
1.76616,2.35265e+17
1.76336,2.40144e+17
1.76056,2.4511e+17
1.75778,2.50162e+17
1.755,2.55303e+17
1.75223,2.60533e+17
1.74948,2.65854e+17
1.74672,2.71268e+17
1.74398,2.76774e+17
1.74125,2.82376e+17
1.73853,2.88073e+17
1.73581,2.93868e+17
1.7331,2.99761e+17
1.7304,3.05754e+17
1.72771,3.11849e+17
1.72503,3.18047e+17
1.72236,3.24349e+17
1.71969,3.30756e+17
1.71703,3.3727e+17
1.71438,3.43893e+17
1.71174,3.50625e+17
1.70911,3.57469e+17
1.70648,3.64426e+17
1.70387,3.71497e+17
1.70126,3.78684e+17
1.69866,3.85988e+17
1.69607,3.93411e+17
1.69348,4.00954e+17
1.6909,4.08619e+17
1.68833,4.16408e+17
1.68577,4.24322e+17
1.68322,4.32363e+17
1.68067,4.40532e+17
1.67813,4.48831e+17
1.6756,4.57262e+17
1.67308,4.65826e+17
1.67056,4.74525e+17
1.66806,4.83361e+17
1.66556,4.92335e+17
1.66306,5.01449e+17
1.66058,5.10705e+17
1.6581,5.20105e+17
1.65563,5.2965e+17
1.65317,5.39342e+17
1.65071,5.49184e+17
1.64826,5.59176e+17
1.64582,5.69321e+17
1.64339,5.7962e+17
1.64096,5.90075e+17
1.63854,6.00689e+17
1.63613,6.11463e+17
1.63372,6.22399e+17
1.63132,6.33499e+17
1.62893,6.44765e+17
1.62655,6.56199e+17
1.62417,6.67803e+17
1.6218,6.79578e+17
1.61943,6.91528e+17
1.61708,7.03653e+17
1.61473,7.15957e+17
1.61238,7.2844e+17
1.61005,7.41105e+17
1.60772,7.53955e+17
1.60539,7.66991e+17
1.60308,7.80215e+17
1.60077,7.9363e+17
1.59847,8.07238e+17
1.59617,8.2104e+17
1.59388,8.3504e+17
1.5916,8.49239e+17
1.58932,8.63639e+17
1.58705,8.78244e+17
1.58479,8.93054e+17
1.58253,9.08073e+17
1.58028,9.23302e+17
1.57803,9.38744e+17
1.5758,9.54402e+17
1.57356,9.70277e+17
1.57134,9.86372e+17
1.56912,1.00269e+18
1.56691,1.01923e+18
1.5647,1.036e+18
1.5625,1.053e+18
1.56031,1.07023e+18
1.55812,1.0877e+18
1.55594,1.1054e+18
1.55376,1.12334e+18
1.55159,1.14153e+18
1.54943,1.15996e+18
1.54727,1.17864e+18
1.54512,1.19756e+18
1.54297,1.21674e+18
1.54083,1.23618e+18
1.5387,1.25587e+18
1.53657,1.27582e+18
1.53445,1.29604e+18
1.53233,1.31652e+18
1.53022,1.33727e+18
1.52812,1.35829e+18
1.52602,1.37958e+18
1.52393,1.40115e+18
1.52184,1.423e+18
1.51976,1.44514e+18
1.51768,1.46756e+18
1.51561,1.49026e+18
1.51355,1.51326e+18
1.51149,1.53655e+18
1.50943,1.56014e+18
1.50739,1.58402e+18
1.50534,1.60821e+18
1.50331,1.63271e+18
1.50128,1.65751e+18
1.49925,1.68262e+18
1.49723,1.70805e+18
1.49522,1.7338e+18
1.49321,1.75987e+18
1.4912,1.78626e+18
1.4892,1.81297e+18
1.48721,1.84002e+18
1.48522,1.8674e+18
1.48324,1.89512e+18
1.48126,1.92317e+18
1.47929,1.95157e+18
1.47732,1.98031e+18
1.47536,2.0094e+18
1.47341,2.03885e+18
1.47145,2.06865e+18
1.46951,2.09881e+18
1.46757,2.12933e+18
1.46563,2.16021e+18
1.4637,2.19147e+18
1.46177,2.22309e+18
1.45985,2.25509e+18
1.45794,2.28747e+18
1.45603,2.32024e+18
1.45412,2.35338e+18
1.45222,2.38692e+18
1.45033,2.42085e+18
1.44844,2.45518e+18
1.44655,2.4899e+18
1.44467,2.52503e+18
1.44279,2.56057e+18
1.44092,2.59651e+18
1.43906,2.63288e+18
1.43719,2.66965e+18
1.43534,2.70685e+18
1.43349,2.74448e+18
1.43164,2.78253e+18
1.4298,2.82101e+18
1.42796,2.85993e+18
1.42613,2.89929e+18
1.4243,2.9391e+18
1.42248,2.97935e+18
1.42066,3.02005e+18
1.41884,3.06121e+18
1.41703,3.10283e+18
1.41523,3.14491e+18
1.41343,3.18745e+18
1.41163,3.23047e+18
1.40984,3.27396e+18
1.40805,3.31793e+18
1.40627,3.36238e+18
1.40449,3.40732e+18
1.40272,3.45274e+18
1.40095,3.49867e+18
1.39919,3.54509e+18
1.39743,3.59201e+18
1.39567,3.63944e+18
1.39392,3.68738e+18
1.39218,3.73584e+18
1.39043,3.78481e+18
1.3887,3.83431e+18
1.38696,3.88433e+18
1.38523,3.93489e+18
1.38351,3.98598e+18
1.38179,4.03762e+18
1.38007,4.08979e+18
1.37836,4.14252e+18
1.37665,4.1958e+18
1.37495,4.24963e+18
1.37325,4.30403e+18
1.37155,4.359e+18
1.36986,4.41453e+18
1.36818,4.47064e+18
1.36649,4.52733e+18
1.36482,4.5846e+18
1.36314,4.64246e+18
1.36147,4.70092e+18
1.3598,4.75997e+18
1.35814,4.81962e+18
1.35648,4.87988e+18
1.35483,4.94075e+18
1.35318,5.00224e+18
1.35153,5.06434e+18
1.34989,5.12707e+18
1.34825,5.19044e+18
1.34662,5.25443e+18
1.34499,5.31907e+18
1.34336,5.38434e+18
1.34174,5.45027e+18
1.34012,5.51685e+18
1.33851,5.58409e+18
1.3369,5.65199e+18
1.33529,5.72056e+18
1.33369,5.7898e+18
1.33209,5.85972e+18
1.33049,5.93032e+18
1.3289,6.00161e+18
1.32732,6.07359e+18
1.32573,6.14627e+18
1.32415,6.21965e+18
1.32258,6.29373e+18
1.321,6.36853e+18
1.31944,6.44405e+18
1.31787,6.52029e+18
1.31631,6.59726e+18
1.31475,6.67495e+18
1.3132,6.75339e+18
1.31165,6.83257e+18
1.3101,6.9125e+18
1.30856,6.99318e+18
1.30702,7.07462e+18
1.30548,7.15682e+18
1.30395,7.23979e+18
1.30242,7.32354e+18
1.3009,7.40806e+18
1.29938,7.49337e+18
1.29786,7.57947e+18
1.29634,7.66636e+18
1.29483,7.75406e+18
1.29333,7.84256e+18
1.29182,7.93187e+18
1.29032,8.022e+18
1.28883,8.11296e+18
1.28733,8.20474e+18
1.28584,8.29735e+18
1.28436,8.3908e+18
1.28287,8.4851e+18
1.28139,8.58025e+18
1.27992,8.67625e+18
1.27845,8.77311e+18
1.27698,8.87084e+18
1.27551,8.96945e+18
1.27405,9.06893e+18
1.27259,9.16929e+18
1.27113,9.27055e+18
1.26968,9.37269e+18
1.26823,9.47574e+18
1.26678,9.5797e+18
1.26534,9.68457e+18
1.2639,9.79036e+18
1.26247,9.89707e+18
1.26103,1.00047e+19
1.2596,1.01133e+19
1.25818,1.02228e+19
1.25676,1.03333e+19
1.25534,1.04447e+19
1.25392,1.05571e+19
1.25251,1.06704e+19
1.25109,1.07847e+19
1.24969,1.09e+19
1.24828,1.10163e+19
1.24688,1.11336e+19
1.24549,1.12518e+19
1.24409,1.13711e+19
1.2427,1.14913e+19
1.24131,1.16126e+19
1.23993,1.17349e+19
1.23854,1.18583e+19
1.23716,1.19826e+19
1.23579,1.2108e+19
1.23442,1.22345e+19
1.23305,1.2362e+19
1.23168,1.24905e+19
1.23031,1.26201e+19
1.22895,1.27508e+19
1.2276,1.28826e+19
1.22624,1.30154e+19
1.22489,1.31493e+19
1.22354,1.32843e+19
1.2222,1.34205e+19
1.22085,1.35577e+19
1.21951,1.3696e+19
1.21818,1.38355e+19
1.21684,1.39761e+19
1.21551,1.41178e+19
1.21418,1.42607e+19
1.21286,1.44047e+19
1.21153,1.45499e+19
1.21021,1.46962e+19
1.2089,1.48437e+19
1.20758,1.49924e+19
1.20627,1.51422e+19
1.20496,1.52932e+19
1.20366,1.54454e+19
1.20236,1.55989e+19
1.20106,1.57535e+19
1.19976,1.59093e+19
1.19847,1.60664e+19
1.19717,1.62247e+19
1.19589,1.63842e+19
1.1946,1.65449e+19
1.19332,1.67069e+19
1.19204,1.68702e+19
1.19076,1.70347e+19
1.18948,1.72005e+19
1.18821,1.73675e+19
1.18694,1.75359e+19
1.18568,1.77055e+19
1.18441,1.78764e+19
1.18315,1.80486e+19
1.18189,1.82221e+19
1.18064,1.8397e+19
1.17938,1.85731e+19
1.17813,1.87506e+19
1.17689,1.89294e+19
1.17564,1.91096e+19
1.1744,1.92911e+19
1.17316,1.9474e+19
1.17192,1.96583e+19
1.17069,1.98439e+19
1.16945,2.00309e+19
1.16822,2.02192e+19
1.167,2.0409e+19
1.16577,2.06002e+19
1.16455,2.07927e+19
1.16333,2.09867e+19
1.16212,2.11821e+19
1.1609,2.1379e+19
1.15969,2.15773e+19
1.15848,2.1777e+19
1.15727,2.19782e+19
1.15607,2.21808e+19
1.15487,2.23849e+19
1.15367,2.25904e+19
1.15247,2.27975e+19
1.15128,2.3006e+19
1.15009,2.32161e+19
1.1489,2.34276e+19
1.14771,2.36406e+19
1.14653,2.38552e+19
1.14534,2.40713e+19
1.14416,2.42889e+19
1.14299,2.4508e+19
1.14181,2.47287e+19
1.14064,2.4951e+19
1.13947,2.51748e+19
1.1383,2.54002e+19
1.13714,2.56272e+19
1.13598,2.58557e+19
1.13482,2.60858e+19
1.13366,2.63176e+19
1.1325,2.65509e+19
1.13135,2.67859e+19
1.1302,2.70225e+19
1.12905,2.72607e+19
1.1279,2.75006e+19
1.12676,2.77421e+19
1.12562,2.79852e+19
1.12448,2.823e+19
1.12334,2.84765e+19
1.12221,2.87247e+19
1.12108,2.89745e+19
1.11995,2.92261e+19
1.11882,2.94793e+19
1.11769,2.97343e+19
1.11657,2.99909e+19
1.11545,3.02493e+19
1.11433,3.05095e+19
1.11321,3.07713e+19
1.1121,3.10349e+19
1.11099,3.13003e+19
1.10988,3.15674e+19
1.10877,3.18363e+19
1.10767,3.2107e+19
1.10656,3.23795e+19
1.10546,3.26537e+19
1.10436,3.29298e+19
1.10327,3.32077e+19
1.10217,3.34874e+19
1.10108,3.37689e+19
1.09999,3.40523e+19
1.0989,3.43375e+19
1.09782,3.46245e+19
1.09673,3.49134e+19
1.09565,3.52042e+19
1.09457,3.54969e+19
1.09349,3.57914e+19
1.09242,3.60879e+19
1.09135,3.63862e+19
1.09027,3.66865e+19
1.08921,3.69886e+19
1.08814,3.72927e+19
1.08707,3.75987e+19
1.08601,3.79067e+19
1.08495,3.82166e+19
1.08389,3.85285e+19
1.08284,3.88423e+19
1.08178,3.91582e+19
1.08073,3.9476e+19
1.07968,3.97957e+19
1.07863,4.01175e+19
1.07759,4.04413e+19
1.07654,4.07672e+19
1.0755,4.1095e+19
1.07446,4.14249e+19
1.07342,4.17568e+19
1.07239,4.20908e+19
1.07135,4.24268e+19
1.07032,4.27649e+19
1.06929,4.3105e+19
1.06826,4.34473e+19
1.06724,4.37916e+19
1.06621,4.41381e+19
1.06519,4.44866e+19
1.06417,4.48373e+19
1.06315,4.51901e+19
1.06213,4.55451e+19
1.06112,4.59021e+19
1.06011,4.62614e+19
1.0591,4.66228e+19
1.05809,4.69863e+19
1.05708,4.73521e+19
1.05608,4.772e+19
1.05507,4.80901e+19
1.05407,4.84625e+19
1.05307,4.8837e+19
1.05208,4.92138e+19
1.05108,4.95927e+19
1.05009,4.9974e+19
1.0491,5.03575e+19
1.04811,5.07432e+19
1.04712,5.11312e+19
1.04613,5.15215e+19
1.04515,5.1914e+19
1.04417,5.23089e+19
1.04319,5.2706e+19
1.04221,5.31054e+19
1.04123,5.35072e+19
1.04026,5.39113e+19
1.03928,5.43177e+19
1.03831,5.47265e+19
1.03734,5.51376e+19
1.03638,5.55511e+19
1.03541,5.5967e+19
1.03445,5.63852e+19
1.03348,5.68059e+19
1.03252,5.72289e+19
1.03157,5.76543e+19
1.03061,5.80821e+19
1.02965,5.85124e+19
1.0287,5.89451e+19
1.02775,5.93803e+19
1.0268,5.98178e+19
1.02585,6.02579e+19
1.02491,6.07004e+19
1.02396,6.11454e+19
1.02302,6.15929e+19
1.02208,6.20429e+19
1.02114,6.24953e+19
1.0202,6.29503e+19
1.01926,6.34078e+19
1.01833,6.38679e+19
1.0174,6.43305e+19
1.01647,6.47956e+19
1.01554,6.52633e+19
1.01461,6.57336e+19
1.01368,6.62064e+19
1.01276,6.66818e+19
1.01184,6.71598e+19
1.01092,6.76405e+19
1.01,6.81237e+19
1.00908,6.86095e+19
1.00817,6.9098e+19
1.00725,6.95891e+19
1.00634,7.00829e+19
1.00543,7.05794e+19
1.00452,7.10785e+19
1.00361,7.15802e+19
1.00271,7.20847e+19
1.0018,7.25918e+19
1.0009,7.31017e+19
1,7.36143e+19
0.999101,7.41296e+19
0.998203,7.46476e+19
0.997307,7.51684e+19
0.996413,7.56919e+19
0.99552,7.62182e+19
0.994629,7.67472e+19
0.993739,7.72791e+19
0.992851,7.78137e+19
0.991965,7.83511e+19
0.99108,7.88913e+19
0.990197,7.94343e+19
0.989315,7.99802e+19
0.988435,8.05289e+19
0.987557,8.10804e+19
0.98668,8.16348e+19
0.985804,8.2192e+19
0.984931,8.27521e+19
0.984058,8.33151e+19
0.983187,8.3881e+19
0.982318,8.44498e+19
0.981451,8.50215e+19
0.980584,8.55961e+19
0.97972,8.61737e+19
0.978857,8.67541e+19
0.977995,8.73375e+19
0.977135,8.79239e+19
0.976276,8.85133e+19
0.975419,8.91056e+19
0.974564,8.97009e+19
0.97371,9.02992e+19
0.972857,9.09004e+19
0.972006,9.15047e+19
0.971157,9.21121e+19
0.970309,9.27224e+19
0.969462,9.33358e+19
0.968617,9.39523e+19
0.967773,9.45718e+19
0.966931,9.51943e+19
0.96609,9.582e+19
0.965251,9.64487e+19
0.964413,9.70805e+19
0.963577,9.77155e+19
0.962742,9.83535e+19
0.961908,9.89947e+19
0.961076,9.9639e+19
0.960246,1.00286e+20
0.959417,1.00937e+20
0.958589,1.01591e+20
0.957763,1.02248e+20
0.956938,1.02908e+20
0.956114,1.03571e+20
0.955292,1.04238e+20
0.954472,1.04907e+20
0.953652,1.0558e+20
0.952835,1.06257e+20
0.952018,1.06936e+20
0.951203,1.07619e+20
0.95039,1.08305e+20
0.949577,1.08994e+20
0.948767,1.09686e+20
0.947957,1.10382e+20
0.947149,1.11081e+20
0.946342,1.11783e+20
0.945537,1.12489e+20
0.944733,1.13198e+20
0.943931,1.1391e+20
0.943129,1.14626e+20
0.942329,1.15345e+20
0.941531,1.16068e+20
0.940734,1.16793e+20
0.939938,1.17523e+20
0.939144,1.18255e+20
0.93835,1.18991e+20
0.937559,1.1973e+20
0.936768,1.20473e+20
0.935979,1.21219e+20
0.935191,1.21969e+20
0.934405,1.22722e+20
0.93362,1.23479e+20
0.932836,1.24239e+20
0.932053,1.25002e+20
0.931272,1.25769e+20
0.930492,1.2654e+20
0.929714,1.27314e+20
0.928936,1.28091e+20
0.92816,1.28872e+20
0.927386,1.29657e+20
0.926612,1.30445e+20
0.92584,1.31237e+20
0.925069,1.32032e+20
0.9243,1.32831e+20
0.923532,1.33633e+20
0.922765,1.34439e+20
0.921999,1.35249e+20
0.921234,1.36062e+20
0.920471,1.36879e+20
0.919709,1.377e+20
0.918949,1.38524e+20
0.918189,1.39351e+20
0.917431,1.40183e+20
0.916674,1.41018e+20
0.915919,1.41857e+20
0.915164,1.42699e+20
0.914411,1.43546e+20
0.913659,1.44396e+20
0.912909,1.45249e+20
0.912159,1.46107e+20
0.911411,1.46968e+20
0.910664,1.47832e+20
0.909918,1.48701e+20
0.909174,1.49574e+20
0.90843,1.5045e+20
0.907688,1.5133e+20
0.906947,1.52213e+20
0.906208,1.53101e+20
0.905469,1.53992e+20
0.904732,1.54888e+20
0.903996,1.55787e+20
0.903261,1.5669e+20
0.902527,1.57596e+20
0.901795,1.58507e+20
0.901063,1.59421e+20
0.900333,1.6034e+20
0.899604,1.61262e+20
0.898876,1.62188e+20
0.89815,1.63118e+20
0.897424,1.64052e+20
0.8967,1.6499e+20
0.895977,1.65932e+20
0.895255,1.66878e+20
0.894534,1.67828e+20
0.893815,1.68782e+20
0.893096,1.6974e+20
0.892379,1.70701e+20
0.891663,1.71667e+20
0.890948,1.72637e+20
0.890234,1.73611e+20
0.889521,1.74589e+20
0.88881,1.75571e+20
0.888099,1.76557e+20
0.88739,1.77547e+20
0.886682,1.78541e+20
0.885975,1.79539e+20
0.885269,1.80541e+20
0.884564,1.81547e+20
0.883861,1.82558e+20
0.883158,1.83573e+20
0.882457,1.84591e+20
0.881756,1.85614e+20
0.881057,1.86641e+20
0.880359,1.87672e+20
0.879662,1.88708e+20
0.878966,1.89747e+20
0.878272,1.90791e+20
0.877578,1.91839e+20
0.876885,1.92891e+20
0.876194,1.93947e+20
0.875503,1.95008e+20
0.874814,1.96073e+20
0.874126,1.97142e+20
0.873439,1.98215e+20
0.872753,1.99293e+20
0.872068,2.00374e+20
0.871384,2.01461e+20
0.870701,2.02551e+20
0.870019,2.03646e+20
0.869338,2.04745e+20
0.868659,2.05848e+20
0.86798,2.06956e+20
0.867303,2.08068e+20
0.866626,2.09184e+20
0.865951,2.10305e+20
0.865276,2.1143e+20
0.864603,2.1256e+20
0.863931,2.13694e+20
0.86326,2.14832e+20
0.862589,2.15975e+20
0.86192,2.17122e+20
0.861252,2.18273e+20
0.860585,2.1943e+20
0.859919,2.2059e+20
0.859254,2.21755e+20
0.85859,2.22924e+20
0.857927,2.24098e+20
0.857265,2.25277e+20
0.856604,2.2646e+20
0.855945,2.27647e+20
0.855286,2.28839e+20
0.854628,2.30035e+20
0.853971,2.31236e+20
0.853315,2.32442e+20
0.85266,2.33652e+20
0.852006,2.34867e+20
0.851354,2.36086e+20
0.850702,2.3731e+20
0.850051,2.38538e+20
0.849401,2.39771e+20
0.848752,2.41009e+20
0.848104,2.42251e+20
0.847458,2.43498e+20
0.846812,2.44749e+20
0.846167,2.46006e+20
0.845523,2.47266e+20
0.84488,2.48532e+20
0.844238,2.49802e+20
0.843597,2.51077e+20
0.842957,2.52357e+20
0.842318,2.53641e+20
0.84168,2.5493e+20
0.841043,2.56224e+20
0.840407,2.57522e+20
0.839772,2.58826e+20
0.839137,2.60134e+20
0.838504,2.61447e+20
0.837872,2.62764e+20
0.83724,2.64087e+20
0.83661,2.65414e+20
0.835981,2.66746e+20
0.835352,2.68082e+20
0.834725,2.69424e+20
0.834098,2.70771e+20
0.833472,2.72122e+20
0.832848,2.73478e+20
0.832224,2.74839e+20
0.831601,2.76205e+20
0.830979,2.77576e+20
0.830358,2.78952e+20
0.829738,2.80332e+20
0.829119,2.81718e+20
0.8285,2.83108e+20
0.827883,2.84503e+20
0.827267,2.85904e+20
0.826651,2.87309e+20
0.826037,2.88719e+20
0.825423,2.90134e+20
0.82481,2.91555e+20
0.824198,2.9298e+20
0.823588,2.9441e+20
0.822978,2.95845e+20
0.822368,2.97285e+20
0.82176,2.98731e+20
0.821153,3.00181e+20
0.820546,3.01636e+20
0.819941,3.03097e+20
0.819336,3.04562e+20
0.818733,3.06032e+20
0.81813,3.07508e+20
0.817528,3.08989e+20
0.816927,3.10475e+20
0.816327,3.11965e+20
0.815727,3.13462e+20
0.815129,3.14963e+20
0.814531,3.16469e+20
0.813935,3.1798e+20
0.813339,3.19497e+20
0.812744,3.21019e+20
0.81215,3.22546e+20
0.811557,3.24078e+20
0.810964,3.25615e+20
0.810373,3.27158e+20
0.809782,3.28706e+20
0.809192,3.30259e+20
0.808604,3.31817e+20
0.808016,3.33381e+20
0.807428,3.34949e+20
0.806842,3.36523e+20
0.806257,3.38103e+20
0.805672,3.39687e+20
0.805088,3.41277e+20
0.804505,3.42872e+20
0.803923,3.44473e+20
0.803342,3.46079e+20
0.802761,3.4769e+20
0.802182,3.49306e+20
0.801603,3.50928e+20
0.801025,3.52555e+20
0.800448,3.54188e+20
0.799872,3.55826e+20
0.799297,3.57469e+20
0.798722,3.59118e+20
0.798148,3.60772e+20
0.797575,3.62431e+20
0.797003,3.64096e+20
0.796432,3.65767e+20
0.795862,3.67443e+20
0.795292,3.69124e+20
0.794723,3.70811e+20
0.794155,3.72503e+20
0.793588,3.74201e+20
0.793021,3.75904e+20
0.792456,3.77613e+20
0.791891,3.79327e+20
0.791327,3.81046e+20
0.790764,3.82772e+20
0.790202,3.84502e+20
0.78964,3.86239e+20
0.789079,3.87981e+20
0.788519,3.89728e+20
0.78796,3.91481e+20
0.787402,3.9324e+20
0.786844,3.95004e+20
0.786287,3.96774e+20
0.785731,3.98549e+20
0.785176,4.0033e+20
0.784621,4.02117e+20
0.784068,4.03909e+20
0.783515,4.05707e+20
0.782963,4.07511e+20
0.782411,4.0932e+20
0.781861,4.11135e+20
0.781311,4.12955e+20
0.780762,4.14782e+20
0.780214,4.16614e+20
0.779666,4.18451e+20
0.77912,4.20295e+20
0.778574,4.22144e+20
0.778028,4.23999e+20
0.777484,4.25859e+20
0.77694,4.27726e+20
0.776398,4.29598e+20
0.775855,4.31476e+20
0.775314,4.33359e+20
0.774773,4.35249e+20
0.774234,4.37144e+20
0.773694,4.39045e+20
0.773156,4.40952e+20
0.772618,4.42865e+20
0.772082,4.44784e+20
0.771545,4.46708e+20
0.77101,4.48638e+20
0.770475,4.50574e+20
0.769941,4.52516e+20
0.769408,4.54464e+20
0.768876,4.56418e+20
0.768344,4.58378e+20
0.767813,4.60343e+20
0.767283,4.62315e+20
0.766754,4.64292e+20
0.766225,4.66276e+20
0.765697,4.68265e+20
0.765169,4.7026e+20
0.764643,4.72262e+20
0.764117,4.74269e+20
0.763592,4.76282e+20
0.763068,4.78301e+20
0.762544,4.80326e+20
0.762021,4.82357e+20
0.761499,4.84395e+20
0.760977,4.86438e+20
0.760456,4.88487e+20
0.759936,4.90542e+20
0.759417,4.92604e+20
0.758898,4.94671e+20
0.75838,4.96745e+20
0.757863,4.98824e+20
0.757346,5.0091e+20
0.75683,5.03002e+20
0.756315,5.05099e+20
0.755801,5.07203e+20
0.755287,5.09313e+20
0.754774,5.1143e+20
0.754262,5.13552e+20
0.75375,5.1568e+20
0.753239,5.17815e+20
0.752729,5.19956e+20
0.752219,5.22103e+20
0.75171,5.24256e+20
0.751202,5.26415e+20
0.750694,5.28581e+20
0.750188,5.30753e+20
0.749681,5.32931e+20
0.749176,5.35115e+20
0.748671,5.37305e+20
0.748167,5.39502e+20
0.747664,5.41705e+20
0.747161,5.43914e+20
0.746659,5.46129e+20
0.746157,5.48351e+20
0.745657,5.50579e+20
0.745156,5.52814e+20
0.744657,5.55054e+20
0.744158,5.57301e+20
0.74366,5.59554e+20
0.743163,5.61814e+20
0.742666,5.6408e+20
0.74217,5.66352e+20
0.741675,5.68631e+20
0.74118,5.70916e+20
0.740686,5.73207e+20
0.740192,5.75505e+20
0.7397,5.77809e+20
0.739208,5.80119e+20
0.738716,5.82436e+20
0.738225,5.8476e+20
0.737735,5.8709e+20
0.737246,5.89426e+20
0.736757,5.91768e+20
0.736269,5.94117e+20
0.735781,5.96473e+20
0.735294,5.98835e+20
0.734808,6.01203e+20
0.734322,6.03578e+20
0.733837,6.0596e+20
0.733353,6.08348e+20
0.732869,6.10742e+20
0.732386,6.13143e+20
0.731904,6.15551e+20
0.731422,6.17965e+20
0.730941,6.20385e+20
0.73046,6.22813e+20
0.72998,6.25246e+20
0.729501,6.27687e+20
0.729022,6.30133e+20
0.728544,6.32587e+20
0.728067,6.35047e+20
0.72759,6.37513e+20
0.727114,6.39987e+20
0.726639,6.42466e+20
0.726164,6.44953e+20
0.725689,6.47446e+20
0.725216,6.49946e+20
0.724743,6.52452e+20
0.72427,6.54965e+20
0.723798,6.57485e+20
0.723327,6.60011e+20
0.722857,6.62544e+20
0.722387,6.65084e+20
0.721917,6.6763e+20
0.721449,6.70183e+20
0.720981,6.72743e+20
0.720513,6.7531e+20
0.720046,6.77883e+20
0.71958,6.80463e+20
0.719114,6.8305e+20
0.718649,6.85644e+20
0.718184,6.88244e+20
0.717721,6.90851e+20
0.717257,6.93465e+20
0.716794,6.96086e+20
0.716332,6.98713e+20
0.715871,7.01347e+20
0.71541,7.03988e+20
0.71495,7.06636e+20
0.71449,7.09291e+20
0.714031,7.11953e+20
0.713572,7.14621e+20
0.713114,7.17296e+20
0.712657,7.19978e+20
0.7122,7.22667e+20
0.711744,7.25363e+20
0.711288,7.28066e+20
0.710833,7.30775e+20
0.710379,7.33492e+20
0.709925,7.36215e+20
0.709471,7.38946e+20
0.709019,7.41683e+20
0.708567,7.44427e+20
0.708115,7.47178e+20
0.707664,7.49937e+20
0.707214,7.52702e+20
0.706764,7.55474e+20
0.706314,7.58253e+20
0.705866,7.61039e+20
0.705418,7.63832e+20
0.70497,7.66632e+20
0.704523,7.69439e+20
0.704077,7.72252e+20
0.703631,7.75073e+20
0.703185,7.77901e+20
0.702741,7.80737e+20
0.702297,7.83579e+20
0.701853,7.86428e+20
0.70141,7.89284e+20
0.700967,7.92147e+20
0.700525,7.95018e+20
0.700084,7.97895e+20
0.699643,8.00779e+20
0.699203,8.03671e+20
0.698763,8.0657e+20
0.698324,8.09476e+20
0.697885,8.12389e+20
0.697447,8.15309e+20
0.69701,8.18236e+20
0.696573,8.2117e+20
0.696136,8.24112e+20
0.695701,8.2706e+20
0.695265,8.30016e+20
0.69483,8.32979e+20
0.694396,8.35949e+20
0.693963,8.38927e+20
0.693529,8.41911e+20
0.693097,8.44903e+20
0.692665,8.47902e+20
0.692233,8.50908e+20
0.691802,8.53922e+20
0.691372,8.56942e+20
0.690942,8.5997e+20
0.690512,8.63005e+20
0.690084,8.66048e+20
0.689655,8.69097e+20
0.689227,8.72154e+20
0.6888,8.75218e+20
0.688373,8.7829e+20
0.687947,8.81369e+20
0.687521,8.84455e+20
0.687096,8.87548e+20
0.686672,8.90649e+20
0.686248,8.93757e+20
0.685824,8.96872e+20
0.685401,8.99995e+20
0.684978,9.03125e+20
0.684556,9.06262e+20
0.684135,9.09407e+20
0.683714,9.12559e+20
0.683293,9.15719e+20
0.682874,9.18886e+20
0.682454,9.2206e+20
0.682035,9.25242e+20
0.681617,9.28431e+20
0.681199,9.31627e+20
0.680782,9.34831e+20
0.680365,9.38043e+20
0.679948,9.41261e+20
0.679532,9.44487e+20
0.679117,9.47721e+20
0.678702,9.50962e+20
0.678288,9.54211e+20
0.677874,9.57467e+20
0.677461,9.6073e+20
0.677048,9.64001e+20
0.676636,9.6728e+20
0.676224,9.70566e+20
0.675813,9.73859e+20
0.675402,9.7716e+20
0.674992,9.80469e+20
0.674582,9.83785e+20
0.674172,9.87109e+20
0.673764,9.9044e+20
0.673355,9.93779e+20
0.672948,9.97125e+20
0.67254,1.00048e+21
0.672133,1.00384e+21
0.671727,1.00721e+21
0.671321,1.01059e+21
0.670916,1.01397e+21
0.670511,1.01736e+21
0.670107,1.02076e+21
0.669703,1.02417e+21
0.669299,1.02758e+21
0.668896,1.031e+21
0.668494,1.03443e+21
0.668092,1.03787e+21
0.66769,1.04132e+21
0.667289,1.04477e+21
0.666889,1.04823e+21
